md5 hash,plaintext
8632c375e9eba096df51844a5a43ae93,security1
a74a7e6ceb925821979eed0659939b13,ilovepapa!
53fe99e9c93fdd5fc14e296375b85b43,password1234567890
b419e81184e9492a74d9646e23ebc82d,kamikaze123
cf9335aa407b76812d6fe661de163756,3.1415926535
26cae7718c32180a7a0f8e19d6d40a59,facebook
0239181e4d9c76a12e60675013ff4376,dogsandcats
c3cb0e6b73ed4ea1103257ac539a015a,bubbles1980
8b2d6d8c68b069ea1c27308cd4b3d3ac,happydays219
0c5616c3772c470c9ea847e3ce4079dc,vladkool
d9dd40eb4d0e510e2d5b7fe3dc529d3f,PENGUINS71
b497dd1a701a33026f7211533620780d,drowssap
dd4137338f84fd1252351375305b847c,rickrolled
ac33c7d806f98d4e3f91240c6de301fd,superduper456
1fc7f8989d2d6812d037b1fb2814bf54,&&&&&&&mai
df77a58e5fd82336aec7365b36ab95ff,passwordweak
6eea9b7ef19179a06954edd0f6c05ceb,qwertyuiop
7c6a180b36896a0a8c02787eeafb0e4c,password1
4060e28193d36aeb17dff58ecd2f4e1d,@@@@@@@@@@@
58b4e38f66bcdb546380845d6af27187,qwerty1234
3805248410673a8be6aa4807e61fb5ae,poiuytrewq
1897a69ef451f0991bb85c6e7c35aa31,1a2b3c4d
60411a034de00aa34800cabc37a9e4be,hellen1989
482c811da5d5b4bc6d497ffa98491e38,password123
318e2407a82f72b01d61ab1c52a719b2,12secret123
4e7e00ce3e827e48d68f3309dabbb1db,mycatiscute
6ee20298b4f899d0af9f7f04b342f332,howareyou1
dcfe89040ba34e8ea4ffb04966e04f04,MITb3aver
79464212afb7fd6c38699d0617eaedeb,television
f8cacbcdcbf93f6238285139e0f8284b,t3hs3cr3t
dfd6ea93226701b6d8789e4988f0d400,my%password17
01c92d3c5e470cbc71b8a461b0ecff53,kopi
912ec803b2ce49e4a541068d495ab570,asdf
020d69ec2ee5b3f192483936e2c7f561,xkcd
827ccb0eea8a706c4c34a16891f84e7b,12345
d606757a9c50dedc85e3cc90949b10ae,makan
ab56b4d92b40713acc5af89985d4b786,abcde
9ded7fab83986b60bdbb4a75dab019bb,AcH98
5940eb65c060cebb4df6914f5af39cfe,m@k@n
c37bf859faf392800d739a41fe5af151,98765
1037d5106b20aafac8809012af0dac70,bojio
3e4f2b8d612f26bb4f26fbf3d958fa00,H3!!0
1a462c628ff3c9ba3ed4af6b692ae1fb,lepak
23ec24c5ca59000543cee1dfded0cbea,sheep
5ae3203519771859a4ccd812331951e4,siao5
e10adc3949ba59abbe56e057f20f883e,123456
4297f44b13955235245b2497399d7a93,123123
72b302bf297a228a75730123efef7c41,banana
c822c1b63853ed273b89687ac505f9fa,google
8621ffdbc5698829397d97767ac13db3,dragon
e99a18c428cb38d5f260853678922e03,abc123
d1fdfebfd5a4fa30644a40c042856e87,$eLLer
fe01d67a002dfa0f3ac084298142eccd,orange
d8578edf8458ce06fbc5bb76a58c5ca4,qwerty
9443b0fceb8c03b6a514a706ea69df0b,donkey
981d304c3f23f463adfefc42028f7f0c,zyx987
1e46805eff2b78c440e88cd8d4cce788,b1umua
5ebe2294ecd0e0f08eab7690d2a6ee69,secret
7f59a125a3f57ff02c3691b7a829b837,cuvant
5213097ccbffbfd3dd262860a3c15afc,alamak
dca27e8a94eac4010ae86ccd15c75447,paiseh
ade19e33351c5ef7923b0fcecac5efe8,jac0b!
f46565ba900fb8fb166521bd4bb6e2e7,Cara123
7babea040123565932f751d938efc5c5,ofir123
0d107d09f5bbe40cade3de5c71e9e9b7,letmein
9ac401b848ce079f0404f417b092c929,kiasu00
a5c9b509c134142fbfe0276c22ffa4be,genghis
41fb027d1c23536f9e0b2dde019e1a37,2011992
2ab96390c7dbe3439de74d0c9b0b1767,hunter2
1660fe5c81c4ce64a2611494c439e1ba,jennifer
700055094032bf4942fa3f670d5330f5,SMArq123
f30aa7a662c728b7407c54ae6bfd27d1,hello123
52b2d1ad30dc855e46a484abb180d325,59873523
5f4dcc3b5aa765d61d8327deb882cf99,password
84df077bcb1bd39ab1a3294de0cf655b,skeleton
72deac1f7a7b70ead34b017fa0676b9b,Chjklm88
27c07e1c9bcd1ac7e5e995ed92534d77,skittles
7d9ad0211d6493e8d55a4a75de3f90a1,nintendo
b00ad229e995d970090791de535759da,P1n@pple
82210e61e8f415525262575b20fae48d,treasure
cc74c1cf76412cf024b84da7254ecbcd,haw2u521
